Path,Sample,ReferenceGenome,ProviderName,Subject
/orcd/nese/tami/001/raw_data/2024/240905Lie/D24-13812-6871E/lm_metagenome,air5097,Human,ATTGTAAT+GACCGCCA,0
/orcd/nese/tami/001/raw_data/2024/240905Lie/D24-13812-6871E/lm_metagenome,leg50103,Human,GATCATTC+GACCGCCA,1
/orcd/nese/tami/001/raw_data/2024/240905Lie/D24-13812-6871E/lm_metagenome,leg50104,Human,ACCGATCG+GACCGCCA,2
/orcd/nese/tami/001/raw_data/2024/240905Lie/D24-13812-6871E/lm_metagenome,leg50105,Human,CCGTTATT+GACCGCCA,3
/orcd/nese/tami/001/raw_data/2024/240905Lie/D24-13812-6871E/lm_metagenome,leg50106,Human,TTCTTCTA+GACCGCCA,4
/orcd/nese/tami/001/raw_data/2024/240905Lie/D24-13812-6871E/lm_metagenome,leg50107,Human,TACCTGAC+GACCGCCA,5
/orcd/nese/tami/001/raw_data/2024/240905Lie/D24-13812-6871E/lm_metagenome,leg50108,Human,AGGACCGC+GACCGCCA,6
/orcd/nese/tami/001/raw_data/2024/240905Lie/D24-13812-6871E/lm_metagenome,leg50109,Human,GTCCGATT+GACCGCCA,7
/orcd/nese/tami/001/raw_data/2024/240905Lie/D24-13812-6871E/lm_metagenome,leg50110,Human,CACGAGTT+GACCGCCA,8
/orcd/nese/tami/001/raw_data/2024/240905Lie/D24-13812-6871E/lm_metagenome,leg50111,Human,CCACGGCC+GACCGCCA,9
/orcd/nese/tami/001/raw_data/2024/240905Lie/D24-13812-6871E/lm_metagenome,leg50112,Human,ACATGTAA+GACCGCCA,10
/orcd/nese/tami/001/raw_data/2024/240905Lie/D24-13812-6871E/lm_metagenome,leg50113,Human,TGTTAACT+GACCGCCA,11
/orcd/nese/tami/001/raw_data/2024/240905Lie/D24-13812-6871E/lm_metagenome,leg50114,Human,ATTGTAAT+TAAGATGG,12
/orcd/nese/tami/001/raw_data/2024/240905Lie/D24-13812-6871E/lm_metagenome,leg50115,Human,GATCATTC+TAAGATGG,13
/orcd/nese/tami/001/raw_data/2024/240905Lie/D24-13812-6871E/lm_metagenome,leg50116,Human,ACCGATCG+TAAGATGG,14
/orcd/nese/tami/001/raw_data/2024/240905Lie/D24-13812-6871E/lm_metagenome,leg50117,Human,CCGTTATT+TAAGATGG,15
/orcd/nese/tami/001/raw_data/2024/240905Lie/D24-13812-6871E/lm_metagenome,leg50118,Human,TTCTTCTA+TAAGATGG,16
/orcd/nese/tami/001/raw_data/2024/240905Lie/D24-13812-6871E/lm_metagenome,leg50119,Human,TACCTGAC+TAAGATGG,17
/orcd/nese/tami/001/raw_data/2024/240905Lie/D24-13812-6871E/lm_metagenome,leg50120,Human,AGGACCGC+TAAGATGG,18
/orcd/nese/tami/001/raw_data/2024/240905Lie/D24-13812-6871E/lm_metagenome,leg50121,Human,GTCCGATT+TAAGATGG,19
/orcd/nese/tami/001/raw_data/2024/240905Lie/D24-13812-6871E/lm_metagenome,leg50122,Human,CACGAGTT+TAAGATGG,20
/orcd/nese/tami/001/raw_data/2024/240905Lie/D24-13812-6871E/lm_metagenome,leg50123,Human,CCACGGCC+TAAGATGG,23
/orcd/nese/tami/001/raw_data/2024/240905Lie/D24-13812-6871E/lm_metagenome,buffer50124,Human,ACATGTAA+TAAGATGG,0
/orcd/nese/tami/001/raw_data/2024/240905Lie/D24-13812-6871E/lm_metagenome,mock250128,Human,TGTTAACT+TAAGATGG,0
/orcd/nese/tami/001/raw_data/2024/240905Lie/D24-13812-6871E/lm_metagenome,mock350129,Human,ATTGTAAT+ATTGACAT,0
/orcd/nese/tami/001/raw_data/2024/240905Lie/D24-13812-6871E/lm_metagenome,mock450130,Human,GATCATTC+ATTGACAT,0
/orcd/nese/tami/001/raw_data/2024/240905Lie/D24-13812-6871E/lm_metagenome,forehead50131,Human,ACCGATCG+ATTGACAT,1
/orcd/nese/tami/001/raw_data/2024/240905Lie/D24-13812-6871E/lm_metagenome,forehead50132,Human,CCGTTATT+ATTGACAT,2
/orcd/nese/tami/001/raw_data/2024/240905Lie/D24-13812-6871E/lm_metagenome,forehead50133,Human,TTCTTCTA+ATTGACAT,3
/orcd/nese/tami/001/raw_data/2024/240905Lie/D24-13812-6871E/lm_metagenome,forehead50134,Human,TACCTGAC+ATTGACAT,4
/orcd/nese/tami/001/raw_data/2024/240905Lie/D24-13812-6871E/lm_metagenome,forehead50135,Human,AGGACCGC+ATTGACAT,5
/orcd/nese/tami/001/raw_data/2024/240905Lie/D24-13812-6871E/lm_metagenome,forehead50136,Human,GTCCGATT+ATTGACAT,6
/orcd/nese/tami/001/raw_data/2024/240905Lie/D24-13812-6871E/lm_metagenome,forehead50137,Human,CACGAGTT+ATTGACAT,7
/orcd/nese/tami/001/raw_data/2024/240905Lie/D24-13812-6871E/lm_metagenome,forehead50138,Human,CCACGGCC+ATTGACAT,8
/orcd/nese/tami/001/raw_data/2024/240905Lie/D24-13812-6871E/lm_metagenome,forehead50139,Human,ACATGTAA+ATTGACAT,9
/orcd/nese/tami/001/raw_data/2024/240905Lie/D24-13812-6871E/lm_metagenome,forehead50140,Human,TGTTAACT+ATTGACAT,10
/orcd/nese/tami/001/raw_data/2024/240905Lie/D24-13812-6871E/lm_metagenome,forehead50141,Human,ATTGTAAT+AGCCAACT,11
/orcd/nese/tami/001/raw_data/2024/240905Lie/D24-13812-6871E/lm_metagenome,forehead50142,Human,GATCATTC+AGCCAACT,12
/orcd/nese/tami/001/raw_data/2024/240905Lie/D24-13812-6871E/lm_metagenome,forehead50143,Human,ACCGATCG+AGCCAACT,13
/orcd/nese/tami/001/raw_data/2024/240905Lie/D24-13812-6871E/lm_metagenome,forehead50144,Human,CCGTTATT+AGCCAACT,14
/orcd/nese/tami/001/raw_data/2024/240905Lie/D24-13812-6871E/lm_metagenome,forehead50145,Human,TTCTTCTA+AGCCAACT,15
/orcd/nese/tami/001/raw_data/2024/240905Lie/D24-13812-6871E/lm_metagenome,forehead50146,Human,TACCTGAC+AGCCAACT,16
/orcd/nese/tami/001/raw_data/2024/240905Lie/D24-13812-6871E/lm_metagenome,forehead50147,Human,AGGACCGC+AGCCAACT,17
/orcd/nese/tami/001/raw_data/2024/240905Lie/D24-13812-6871E/lm_metagenome,forehead50148,Human,GTCCGATT+AGCCAACT,18
/orcd/nese/tami/001/raw_data/2024/240905Lie/D24-13812-6871E/lm_metagenome,forehead50149,Human,CACGAGTT+AGCCAACT,19
/orcd/nese/tami/001/raw_data/2024/240905Lie/D24-13812-6871E/lm_metagenome,forehead50150,Human,CCACGGCC+AGCCAACT,20
/orcd/nese/tami/001/raw_data/2024/240905Lie/D24-13812-6871E/lm_metagenome,forehead50151,Human,ACATGTAA+AGCCAACT,23
/orcd/nese/tami/001/raw_data/2024/240905Lie/D24-13812-6871E/lm_metagenome,mock220128,Human,TGTTAACT+AGCCAACT,0
/orcd/nese/tami/001/raw_data/2024/240905Lie/D24-13812-6871E/lm_metagenome,mock320129,Human,ATTGTAAT+TACTAGGT,0
/orcd/nese/tami/001/raw_data/2024/240905Lie/D24-13812-6871E/lm_metagenome,mock420130,Human,GATCATTC+TACTAGGT,0
/orcd/nese/tami/001/raw_data/2024/240905Lie/D24-13812-6871E/lm_metagenome,forehead20131,Human,ACCGATCG+TACTAGGT,1
/orcd/nese/tami/001/raw_data/2024/240905Lie/D24-13812-6871E/lm_metagenome,forehead20132,Human,CCGTTATT+TACTAGGT,2
/orcd/nese/tami/001/raw_data/2024/240905Lie/D24-13812-6871E/lm_metagenome,forehead20133,Human,TTCTTCTA+TACTAGGT,3
/orcd/nese/tami/001/raw_data/2024/240905Lie/D24-13812-6871E/lm_metagenome,forehead20134,Human,TACCTGAC+TACTAGGT,4
/orcd/nese/tami/001/raw_data/2024/240905Lie/D24-13812-6871E/lm_metagenome,forehead20135,Human,AGGACCGC+TACTAGGT,5
/orcd/nese/tami/001/raw_data/2024/240905Lie/D24-13812-6871E/lm_metagenome,forehead20136,Human,GTCCGATT+TACTAGGT,6
/orcd/nese/tami/001/raw_data/2024/240905Lie/D24-13812-6871E/lm_metagenome,forehead20137,Human,CACGAGTT+TACTAGGT,7
/orcd/nese/tami/001/raw_data/2024/240905Lie/D24-13812-6871E/lm_metagenome,forehead20138,Human,CCACGGCC+TACTAGGT,8
/orcd/nese/tami/001/raw_data/2024/240905Lie/D24-13812-6871E/lm_metagenome,forehead20139,Human,ACATGTAA+TACTAGGT,9